sharpe,drawdown,mar,win.ratio,num,avg.pnl,hld.period
0.3153623641166034,4.226205330054178,0.23661888666142505,0.950281425891182,40.370544090056285,0.28506209736233434,877.1353317067503
